<?xml version="1.0" encoding="utf-8" ?>
<Defs>

	<!-- Base Melee Defs -->
	
  <ThingDef Name="BaseCGearMeleeWeapon" Abstract="True" ParentName="BaseWeapon">
  	<techLevel>Spacer</techLevel>
	<smeltable>true</smeltable>
    <thingCategories Inherit="false">
      <li>TCWeaponsMelee</li>
    </thingCategories>
    <recipeMaker>
      	<workSpeedStat>GeneralLaborSpeed</workSpeedStat>
      	<workSkill>Crafting</workSkill>
      	<effectWorking>Smith</effectWorking>
      	<soundWorking>Recipe_Smith</soundWorking>
      	<recipeUsers><li>TableCGear</li></recipeUsers>
      	<unfinishedThingDef>UnfinishedWeapon</unfinishedThingDef>
    </recipeMaker>
    <inspectorTabs><li>ITab_Art</li></inspectorTabs>
  </ThingDef>

<ThingDef Name="BaseCGearMeleeWeapon_Sharp_Quality" Abstract="True" ParentName="BaseCGearMeleeWeapon">
		<tickerType>Normal</tickerType>
		<comps>
			<li><compClass>CompQuality</compClass></li>
			<li Class="CompProperties_Art">
				<nameMaker>NamerArtWeaponMelee</nameMaker>
				<descriptionMaker>ArtDescription_WeaponMelee</descriptionMaker>
				<minQualityForArtistic>Excellent</minQualityForArtistic>
			</li>
			<li Class="CompSlotLoadable.CompProperties_SlotLoadable">
        		<slots>
                    <li>CGearSlot_Melee_Power</li>
             </slots>
           </li>
		</comps>
</ThingDef>

  <ThingDef Name="BaseCGearMeleeWeapon_Blunt_Quality" Abstract="True" ParentName="BaseCGearMeleeWeapon">
	  <tickerType>Normal</tickerType>
    		<comps>
      	<li><compClass>CompQuality</compClass></li>
      	<li Class="CompProperties_Art">
        		<nameMaker>NamerArtWeaponMelee</nameMaker>
        		<descriptionMaker>ArtDescription_WeaponMelee</descriptionMaker>
        		<minQualityForArtistic>Excellent</minQualityForArtistic>
      	</li>
		<li Class="CompSlotLoadable.CompProperties_SlotLoadable">
        		<slots>
                    <li>CGearSlot_Melee_Power</li>
             </slots>
         </li>
    </comps>
  </ThingDef>

<!-- Base Gun defs -->

 <ThingDef Name="BaseCGearGun" Abstract="True" ParentName="BaseWeapon">
	<techLevel>Spacer</techLevel>
	<smeltable>true</smeltable>
	<thingCategories Inherit="false">
      <li>TCWeaponsRanged</li>
    </thingCategories>
    <inspectorTabs><li>ITab_Art</li></inspectorTabs>
	<tickerType>Normal</tickerType>
    <comps>
      <li><compClass>CompQuality</compClass></li>
      <li Class="CompProperties_Art">
        <nameMaker>NamerArtWeaponGun</nameMaker>
        <descriptionMaker>ArtDescription_WeaponGun</descriptionMaker>
        <minQualityForArtistic>Excellent</minQualityForArtistic>
      </li>
		<li Class="CompSlotLoadable.CompProperties_SlotLoadable">
        		<slots>
                    <li>CGearSlot_Gun_Aim</li>
					<li>CGearSlot_Gun_Boost</li>
             </slots>
           </li>
    </comps>
</ThingDef>

<ThingDef Name="BaseCGearMakeableGun" ParentName="BaseCGearGun" Abstract="True">
    <recipeMaker>
      <workSpeedStat>GeneralLaborSpeed</workSpeedStat>
      <workSkill>Crafting</workSkill>
      <effectWorking>Smith</effectWorking>
      <soundWorking>Recipe_Smith</soundWorking>
      <recipeUsers><li>TableCGear</li></recipeUsers>
      <unfinishedThingDef>UnfinishedGun</unfinishedThingDef>
      <researchPrerequisite>CGearTech</researchPrerequisite>
    </recipeMaker>
</ThingDef>
  
<ThingDef Name="BaseCGearHumanMakeableGun" ParentName="BaseCGearMakeableGun" Abstract="True">
    <weaponTags>
      <li>AdvancedGun</li>
    </weaponTags>
</ThingDef>

 <!-- Base Bullet defs -->
  
<ThingDef Name="BaseCGearBullet" Abstract="True">
    <category>Projectile</category>
    <tickerType>Normal</tickerType>
    <altitudeLayer>Projectile</altitudeLayer>
    <thingClass>Bullet</thingClass>
    <label>bullet</label>
    <useHitPoints>False</useHitPoints>
    <neverMultiSelect>True</neverMultiSelect>
    <graphicData>
      <shaderType>Transparent</shaderType>
    </graphicData>
</ThingDef>

 <!-- ============== Guns ================================ -->

  <!-- ===================== Pistol ========================= -->

  <ThingDef ParentName="BaseCGearBullet">
    <defName>Bullet_CGear_Pistol</defName>
    <label>Tactical charge shot</label>
    <graphicData>
      <texPath>Things/Projectile/CGear_Small_Pistol</texPath>
      <graphicClass>Graphic_Single</graphicClass>
    </graphicData>
    <projectile>
		<flyOverhead>false</flyOverhead>
		<damageDef>Bullet</damageDef>
		<damageAmountBase>10</damageAmountBase>
		<speed>70</speed>
    </projectile>
  </ThingDef>

  <ThingDef ParentName="BaseCGearHumanMakeableGun">
    <defName>Gun_CGear_Pistol</defName>
    <label>TC Pistol</label>
    <description>Computerised energized projectile pistol.</description>
    <graphicData>
      <texPath>Things/Item/Equipment/WeaponRanged/CGear_Pistol</texPath>
      <graphicClass>Graphic_Single</graphicClass>
	  <onGroundRandomRotateAngle>35</onGroundRandomRotateAngle>
    </graphicData>
    <soundInteract>Interact_CGear</soundInteract>
    <statBases>
		<Mass>2.0</Mass>
      	<WorkToMake>70000</WorkToMake>
      	<MarketValue>1195</MarketValue>
      	<AccuracyTouch>0.75</AccuracyTouch>
      	<AccuracyShort>0.80</AccuracyShort>
      	<AccuracyMedium>0.42</AccuracyMedium>
      	<AccuracyLong>0.20</AccuracyLong>
      	<RangedWeapon_Cooldown>0.71</RangedWeapon_Cooldown>
    		<MaxHitPoints>100</MaxHitPoints>
		<Flammability>0.2</Flammability>
		<DeteriorationRate>1</DeteriorationRate>
		<SellPriceFactor>0.5</SellPriceFactor>
	</statBases>
    <recipeMaker>
      <researchPrerequisite>CGearTech</researchPrerequisite>
      <skillRequirements><Crafting>8</Crafting></skillRequirements>
    </recipeMaker>
    <costList>
      <Steel>150</Steel><Plasteel>50</Plasteel>
      <ComponentIndustrial>5</ComponentIndustrial>
	  <CGearCtrlChip>1</CGearCtrlChip>
    </costList>
    <techLevel>Spacer</techLevel>
    <tools>
      <li>
        <label>stock</label>
        <capacities>
          <li>Blunt</li>
        </capacities>
        <power>9</power>
        <cooldownTime>1.8</cooldownTime>
      </li>
      <li>
        <label>barrel</label>
        <capacities>
          <li>Blunt</li>
          <li>Poke</li>
        </capacities>
        <power>10</power>
        <cooldownTime>1.9</cooldownTime>
      </li>
    </tools>
    <weaponTags>
      <li>AdvancedGun</li>
    </weaponTags>
    <verbs>
      <li>
        <verbClass>Verb_Shoot</verbClass>
        <hasStandardCommand>true</hasStandardCommand>
        <defaultProjectile>Bullet_CGear_Pistol</defaultProjectile>
        <warmupTime>0.31</warmupTime>
        <range>28</range>
        <ticksBetweenBurstShots>7</ticksBetweenBurstShots>
        <burstShotCount>3</burstShotCount>
        <soundCast>Shot_CGear_Light</soundCast>
        <soundCastTail>GunTail_Light</soundCastTail>
        <muzzleFlashScale>8</muzzleFlashScale>
      </li>
    </verbs>
  </ThingDef>
  
  <!-- ===================== SMG ========================= -->

  <ThingDef ParentName="BaseCGearBullet">
    <defName>Bullet_CGear_SMG</defName>
    <label>Tactical Charge shot</label>
    <graphicData>
      <texPath>Things/Projectile/CGear_Small_SMG</texPath>
      <graphicClass>Graphic_Single</graphicClass>
    </graphicData>
    <projectile>
	  <flyOverhead>false</flyOverhead>
      <damageDef>Bullet</damageDef>
      <damageAmountBase>10</damageAmountBase>
      <speed>72</speed>
    </projectile>
  </ThingDef>

  <ThingDef ParentName="BaseCGearHumanMakeableGun">
    <defName>Gun_CGear_SMG</defName>
    <label>TC SMG</label>
    <description>Computerised energy projectile close contact weapon with assitive gyro stabaliser.</description>
    <graphicData>
      <texPath>Things/Item/Equipment/WeaponRanged/CGear_SMG</texPath>
      <graphicClass>Graphic_Single</graphicClass>
	  <onGroundRandomRotateAngle>35</onGroundRandomRotateAngle>
    </graphicData>
    <soundInteract>Interact_CGear</soundInteract>
    <statBases>
		<Mass>3.2</Mass>
      	<WorkToMake>75000</WorkToMake>
      	<MarketValue>1284</MarketValue>
      	<AccuracyTouch>0.72</AccuracyTouch>
      	<AccuracyShort>0.75</AccuracyShort>
      	<AccuracyMedium>0.50</AccuracyMedium>
      	<AccuracyLong>0.35</AccuracyLong>
      	<RangedWeapon_Cooldown>0.87</RangedWeapon_Cooldown>
    		<MaxHitPoints>100</MaxHitPoints>
		<Flammability>0.2</Flammability>
		<DeteriorationRate>1</DeteriorationRate>
		<SellPriceFactor>0.5</SellPriceFactor>
	</statBases>
    <recipeMaker>
      <researchPrerequisite>CGearTech</researchPrerequisite>
      <skillRequirements>
		  <Crafting>9</Crafting>
      </skillRequirements>
    </recipeMaker>
    <costList>
      <Steel>180</Steel><Plasteel>50</Plasteel>
      <ComponentIndustrial>6</ComponentIndustrial>
	  <CGearCtrlChip>1</CGearCtrlChip>
    </costList>
    <techLevel>Spacer</techLevel>
    <tools>
      <li>
        <label>stock</label>
        <capacities>
          <li>Blunt</li>
        </capacities>
        <power>9</power>
        <cooldownTime>1.8</cooldownTime>
      </li>
      <li>
        <label>barrel</label>
        <capacities>
          <li>Blunt</li>
          <li>Poke</li>
        </capacities>
        <power>10</power>
        <cooldownTime>1.9</cooldownTime>
      </li>
    </tools>
    <weaponTags>
      <li>AdvancedGun</li>
    </weaponTags>
    <verbs>
      <li>
        <verbClass>Verb_Shoot</verbClass>
        <hasStandardCommand>true</hasStandardCommand>
        <defaultProjectile>Bullet_CGear_SMG</defaultProjectile>
        <warmupTime>0.35</warmupTime>
        <range>25</range>
        <ticksBetweenBurstShots>10</ticksBetweenBurstShots>
        <burstShotCount>5</burstShotCount>
        <soundCast>Shot_CGear_Light</soundCast>
        <soundCastTail>GunTail_Medium</soundCastTail>
        <muzzleFlashScale>8</muzzleFlashScale>
      </li>
    </verbs>
  </ThingDef>
  
  <!-- ===================== Shotgun ========================= -->

  <ThingDef ParentName="BaseCGearBullet">
    <defName>Bullet_CGear_Shotgun</defName>
    <label>Tactical Charge shot</label>
    <graphicData>
      <texPath>Things/Projectile/CGear_Small_Shotgun</texPath>
      <graphicClass>Graphic_Single</graphicClass>
    </graphicData>
    <projectile>
	  <flyOverhead>false</flyOverhead>
      <damageDef>Bullet</damageDef>
      <damageAmountBase>21</damageAmountBase>
      <speed>44</speed>
    </projectile>
  </ThingDef>

  <ThingDef ParentName="BaseCGearHumanMakeableGun">
    <defName>Gun_CGear_Shotgun</defName>
    <label>TC Shotgun</label>
    <description>Computerised energy projectile blaster weapon with assitive gyro stabaliser.</description>
    <graphicData>
      <texPath>Things/Item/Equipment/WeaponRanged/CGear_Shotgun</texPath>
      <graphicClass>Graphic_Single</graphicClass>
	  <onGroundRandomRotateAngle>35</onGroundRandomRotateAngle>
    </graphicData>
    <soundInteract>Interact_CGear</soundInteract>
    <statBases>
		<Mass>4.2</Mass>
      <WorkToMake>82500</WorkToMake>
      <MarketValue>1438</MarketValue>
      <AccuracyTouch>0.70</AccuracyTouch>
      <AccuracyShort>0.65</AccuracyShort>
      <AccuracyMedium>0.40</AccuracyMedium>
      <AccuracyLong>0.20</AccuracyLong>
      <RangedWeapon_Cooldown>1.0</RangedWeapon_Cooldown>
    	<MaxHitPoints>100</MaxHitPoints>
	<Flammability>0.2</Flammability>
	<DeteriorationRate>1</DeteriorationRate>
	<SellPriceFactor>0.5</SellPriceFactor>
</statBases>
    <recipeMaker>
      <researchPrerequisite>CGearTech</researchPrerequisite>
      <skillRequirements>
		  <Crafting>10</Crafting>
      </skillRequirements>
    </recipeMaker>
    <costList>
      <Steel>200</Steel>
      <Plasteel>70</Plasteel>
      <ComponentIndustrial>4</ComponentIndustrial>
	  <CGearCtrlChip>1</CGearCtrlChip>
    </costList>
    <techLevel>Spacer</techLevel>
    <tools>
      <li>
        <label>stock</label>
        <capacities>
          <li>Blunt</li>
        </capacities>
        <power>10</power>
        <cooldownTime>1.8</cooldownTime>
      </li>
      <li>
        <label>barrel</label>
        <capacities>
          <li>Blunt</li>
          <li>Poke</li>
        </capacities>
        <power>10</power>
        <cooldownTime>1.9</cooldownTime>
      </li>
    </tools>
    <weaponTags>
      <li>AdvancedGun</li>
    </weaponTags>
    <verbs>
      <li>
        <verbClass>Verb_Shoot</verbClass>
        <hasStandardCommand>true</hasStandardCommand>
        <defaultProjectile>Bullet_CGear_Shotgun</defaultProjectile>
        <warmupTime>0.25</warmupTime>
        <range>20</range>
        <ticksBetweenBurstShots>20</ticksBetweenBurstShots>
        <burstShotCount>2</burstShotCount>
        <soundCast>Shot_CGear_Shotty</soundCast>
        <soundCastTail>GunTail_Medium</soundCastTail>
        <muzzleFlashScale>12</muzzleFlashScale>
      </li>
    </verbs>
  </ThingDef>
  
    <!-- ===================== Rifle ========================= -->

  <ThingDef ParentName="BaseCGearBullet">
    <defName>Bullet_CGear_Rifle</defName>
    <label>Tactical Charged shot</label>
    <graphicData>
      <texPath>Things/Projectile/CGear_Small_Rifle</texPath>
      <graphicClass>Graphic_Single</graphicClass>
    </graphicData>
    <projectile>
	  <flyOverhead>false</flyOverhead>
      <damageDef>Bullet</damageDef>
      <damageAmountBase>16</damageAmountBase>
      <speed>75</speed>
    </projectile>
  </ThingDef>

  <ThingDef ParentName="BaseCGearHumanMakeableGun">
    <defName>Gun_CGear_Rifle</defName>
    <label>TC Rifle</label>
    <description>Computerised energy projectile weapon with assisted gyro support.</description>
    <graphicData>
      <texPath>Things/Item/Equipment/WeaponRanged/CGear_Rifle</texPath>
      <graphicClass>Graphic_Single</graphicClass>
	  <onGroundRandomRotateAngle>35</onGroundRandomRotateAngle>
    </graphicData>
    <soundInteract>Interact_CGear</soundInteract>
    <statBases>
		<Mass>4.6</Mass>
      <WorkToMake>87500</WorkToMake>
      <MarketValue>1444</MarketValue>
      <AccuracyTouch>0.60</AccuracyTouch>
      <AccuracyShort>0.67</AccuracyShort>
      <AccuracyMedium>0.75</AccuracyMedium>
      <AccuracyLong>0.65</AccuracyLong>
      <RangedWeapon_Cooldown>0.92</RangedWeapon_Cooldown>
    	<MaxHitPoints>100</MaxHitPoints>
	<Flammability>0.2</Flammability>
	<DeteriorationRate>1</DeteriorationRate>
	<SellPriceFactor>0.5</SellPriceFactor>
</statBases>
    <recipeMaker>
      <researchPrerequisite>CGearTech</researchPrerequisite>
      <skillRequirements>
		  <Crafting>10</Crafting>
      </skillRequirements>
    </recipeMaker>
    <costList>
      <Steel>200</Steel>
      <Plasteel>60</Plasteel>
      <ComponentIndustrial>7</ComponentIndustrial>
	  <CGearCtrlChip>1</CGearCtrlChip>
    </costList>
    <techLevel>Spacer</techLevel>
    <tools>
      <li>
        <label>stock</label>
        <capacities>
          <li>Blunt</li>
        </capacities>
        <power>9</power>
        <cooldownTime>1.8</cooldownTime>
      </li>
      <li>
        <label>barrel</label>
        <capacities>
          <li>Blunt</li>
          <li>Poke</li>
        </capacities>
        <power>10</power>
        <cooldownTime>1.9</cooldownTime>
      </li>
    </tools>
    <weaponTags>
      <li>AdvancedGun</li>
    </weaponTags>
    <verbs>
      <li>
        <verbClass>Verb_Shoot</verbClass>
        <hasStandardCommand>true</hasStandardCommand>
        <defaultProjectile>Bullet_CGear_Rifle</defaultProjectile>
        <warmupTime>0.75</warmupTime>
        <range>38</range>
        <ticksBetweenBurstShots>10</ticksBetweenBurstShots>
        <burstShotCount>3</burstShotCount>
        <soundCast>Shot_CGear_Med</soundCast>
        <soundCastTail>GunTail_Medium</soundCastTail>
        <muzzleFlashScale>10</muzzleFlashScale>
      </li>
    </verbs>
  </ThingDef>
  
    <!-- ===================== Sniper ========================= -->

  <ThingDef ParentName="BaseCGearBullet">
    <defName>Bullet_CGear_Sniper</defName>
    <label>Tactical heavy charged shot</label>
    <graphicData>
      <texPath>Things/Projectile/CGear_Small_Sniper</texPath>
      <graphicClass>Graphic_Single</graphicClass>
    </graphicData>
    <projectile>
	  <flyOverhead>false</flyOverhead>
      <damageDef>Bullet</damageDef>
      <damageAmountBase>45</damageAmountBase>
      <speed>108</speed>
    </projectile>
  </ThingDef>

  <ThingDef ParentName="BaseCGearHumanMakeableGun">
    <defName>Gun_CGear_Sniper</defName>
    <label>TC Sniper Rifle</label>
    <description>Computerised energy long range support projectile weapon with assistive optics and gyro stabaliser.</description>
    <graphicData>
      <texPath>Things/Item/Equipment/WeaponRanged/CGear_Sniper</texPath>
      <graphicClass>Graphic_Single</graphicClass>
	  <onGroundRandomRotateAngle>35</onGroundRandomRotateAngle>
    </graphicData>
    <soundInteract>Interact_CGear</soundInteract>
    <statBases>
		<Mass>5.0</Mass>
      <WorkToMake>100000</WorkToMake>
      <MarketValue>1783</MarketValue>
      <AccuracyTouch>0.40</AccuracyTouch>
      <AccuracyShort>0.50</AccuracyShort>
      <AccuracyMedium>0.70</AccuracyMedium>
      <AccuracyLong>0.75</AccuracyLong>
      <RangedWeapon_Cooldown>1.3</RangedWeapon_Cooldown>
    	<MaxHitPoints>100</MaxHitPoints>
	<Flammability>0.2</Flammability>
	<DeteriorationRate>1</DeteriorationRate>
	<SellPriceFactor>0.5</SellPriceFactor>
</statBases>
    <recipeMaker>
      <researchPrerequisite>CGearTech</researchPrerequisite>
      <skillRequirements>
		  <Crafting>12</Crafting>
      </skillRequirements>
    </recipeMaker>
    <costList>
      <Steel>250</Steel>
      <Plasteel>80</Plasteel>
      <ComponentIndustrial>9</ComponentIndustrial>
	  <CGearCtrlChip>1</CGearCtrlChip>
    </costList>
    <tools>
      <li>
        <label>stock</label>
        <capacities>
          <li>Blunt</li>
        </capacities>
        <power>9</power>
        <cooldownTime>1.8</cooldownTime>
      </li>
      <li>
        <label>barrel</label>
        <capacities>
          <li>Blunt</li>
          <li>Poke</li>
        </capacities>
        <power>10</power>
        <cooldownTime>1.9</cooldownTime>
      </li>
    </tools>
    <techLevel>Spacer</techLevel>
    <weaponTags>
      <li>AdvancedGun</li>
      <li>SniperRifle</li>
    </weaponTags>
    <verbs>
      <li>
        <verbClass>Verb_Shoot</verbClass>
        <hasStandardCommand>true</hasStandardCommand>
        <defaultProjectile>Bullet_CGear_Sniper</defaultProjectile>
        <warmupTime>2.5</warmupTime>
        <range>52</range>
        <soundCast>Shot_CGear_Sniper</soundCast>
        <soundCastTail>GunTail_Heavy</soundCastTail>
        <muzzleFlashScale>11</muzzleFlashScale>
      </li>
    </verbs>
  </ThingDef>
  
  <!-- =================== Burster ========================= -->

  <ThingDef ParentName="BaseCGearBullet">
    <defName>Bullet_CGear_Burster</defName>
    <label>Tactical Charge shot</label>
    <graphicData>
      <texPath>Things/Projectile/CGear_Small_Burster</texPath>
      <graphicClass>Graphic_Single</graphicClass>
    </graphicData>
    <projectile>
	  <flyOverhead>false</flyOverhead>
      <damageDef>Bullet</damageDef>
      <damageAmountBase>10</damageAmountBase>
      <speed>72</speed>
    </projectile>
  </ThingDef>

  <ThingDef ParentName="BaseCGearHumanMakeableGun">
    <defName>Gun_CGear_Burster</defName>
    <label>TC Burster</label>
    <description>Computerised energy rapid projectile close contact weapon with assitive gyro stabaliser.</description>
    <graphicData>
      <texPath>Things/Item/Equipment/WeaponRanged/CGear_Burster</texPath>
      <graphicClass>Graphic_Single</graphicClass>
	  <onGroundRandomRotateAngle>35</onGroundRandomRotateAngle>
    </graphicData>
    <soundInteract>Interact_CGear</soundInteract>
    <statBases>
		<Mass>6.5</Mass>
      <WorkToMake>110000</WorkToMake>
      <MarketValue>1720</MarketValue>
      <AccuracyTouch>0.62</AccuracyTouch>
      <AccuracyShort>0.52</AccuracyShort>
      <AccuracyMedium>0.30</AccuracyMedium>
      <AccuracyLong>0.20</AccuracyLong>
      <RangedWeapon_Cooldown>1.5</RangedWeapon_Cooldown>
    	<MaxHitPoints>120</MaxHitPoints>
	<Flammability>0.2</Flammability>
	<DeteriorationRate>1</DeteriorationRate>
	<SellPriceFactor>0.5</SellPriceFactor>
</statBases>
    <recipeMaker>
      <researchPrerequisite>CGearTechTPC</researchPrerequisite>
      <skillRequirements>
		  <Crafting>11</Crafting>
      </skillRequirements>
    </recipeMaker>
    <costList>
      <Steel>200</Steel>
      <Plasteel>80</Plasteel>
      <ComponentIndustrial>10</ComponentIndustrial>
	  <CGearCtrlChip>1</CGearCtrlChip>
    </costList>
    <techLevel>Ultra</techLevel>
    <tools>
      <li>
        <label>stock</label>
        <capacities>
          <li>Blunt</li>
        </capacities>
        <power>9</power>
        <cooldownTime>2.4</cooldownTime>
      </li>
      <li>
        <label>barrel</label>
        <capacities>
          <li>Blunt</li>
          <li>Poke</li>
        </capacities>
        <power>10</power>
        <cooldownTime>2.2</cooldownTime>
      </li>
    </tools>
    <weaponTags>
      <li>AdvancedGun</li>
	  <li>GunHeavy</li>
    </weaponTags>
    <verbs>
      <li>
        <verbClass>Verb_Shoot</verbClass>
        <hasStandardCommand>true</hasStandardCommand>
        <defaultProjectile>Bullet_CGear_Burster</defaultProjectile>
        <warmupTime>1.2</warmupTime>
        <range>32</range>
        <ticksBetweenBurstShots>5</ticksBetweenBurstShots>
        <burstShotCount>10</burstShotCount>
        <soundCast>Shot_CGear_Light</soundCast>
        <soundCastTail>GunTail_Medium</soundCastTail>
        <muzzleFlashScale>8</muzzleFlashScale>
      </li>
    </verbs>
  </ThingDef>
  
      <!-- ===================== Melee ========================= -->
  
  		<!-- Sharp -->
  
	<!-- ====================== Sword ========================= -->
  
<ThingDef ParentName="BaseCGearMeleeWeapon_Sharp_Quality">
    <defName>MeleeWeapon_CGear_Sword</defName>
    <label>TC Sword</label>
    <description>Computerised energy sword with gyro stabaliser and vibrational cutting.</description>
	<techLevel>Spacer</techLevel>
    <graphicData>
      <texPath>Things/Item/Equipment/WeaponMelee/CGear_Sword</texPath>
      <graphicClass>Graphic_Single</graphicClass>
	  <onGroundRandomRotateAngle>35</onGroundRandomRotateAngle>
	  <drawSize>1.1</drawSize>
    </graphicData>
    <weaponTags>
      <li>NonNeolithicOnlyMelee</li>
    </weaponTags>
    <costStuffCount>180</costStuffCount>
	 <costList>
      <ComponentIndustrial>3</ComponentIndustrial>
	  <CGearCtrlChip>1</CGearCtrlChip>
    </costList>
    <statBases>
      <WorkToMake>25000</WorkToMake>
      <Mass>1.8</Mass>
    	<MaxHitPoints>100</MaxHitPoints>
	<Flammability>0.1</Flammability>
	<DeteriorationRate>1</DeteriorationRate>
	<SellPriceFactor>0.5</SellPriceFactor>
</statBases>
    <equippedAngleOffset>-65</equippedAngleOffset>
    <stuffCategories>
      <li>Metallic</li>
    </stuffCategories>
    <tools>
      <li>
        <label>handle</label>
        <capacities>
          <li>Blunt</li>
        </capacities>
        <power>7</power>
        <cooldownTime>2.1</cooldownTime>
      </li>
      <li>
        <label>point</label>
        <capacities>
          <li>Stab</li>
        </capacities>
        <power>15</power>
        <cooldownTime>1.8</cooldownTime>
      </li>
      <li>
        <label>edge</label>
        <capacities>
          <li>Cut</li>
        </capacities>
        <power>18</power>
        <cooldownTime>1.6</cooldownTime>
      </li>
    </tools>
    <recipeMaker>
      <skillRequirements>
		  <Crafting>9</Crafting>
      </skillRequirements>
    </recipeMaker>
			<researchPrerequisites>
			<li>LongBlades</li>
			<li>CGearTech</li>
		</researchPrerequisites>
  </ThingDef>
  
  <!-- ====================== Knife ========================= -->
  
<ThingDef ParentName="BaseCGearMeleeWeapon_Sharp_Quality">
	<defName>MeleeWeapon_CGear_Knife</defName>
	<label>TC Knife</label>
	<techLevel>Spacer</techLevel>
	<description>Computerised energy knife with vibrational cutting.</description>
	<graphicData>
		<texPath>Things/Item/Equipment/WeaponMelee/CGear_Knife</texPath>
		<graphicClass>Graphic_Single</graphicClass>
		<onGroundRandomRotateAngle>35</onGroundRandomRotateAngle>
		<drawSize>1.1</drawSize>
	</graphicData>
    <weaponTags>
      <li>NonNeolithicOnlyMelee</li>
      <li>NonNeolithicOnlySimpleMelee</li>
    </weaponTags>
    <costStuffCount>75</costStuffCount>
	<costList>
      <ComponentIndustrial>2</ComponentIndustrial>
	  <CGearCtrlChip>1</CGearCtrlChip>
    </costList>
	<statBases>
		<WorkToMake>18000</WorkToMake>
		<Mass>0.5</Mass>
    	<MaxHitPoints>100</MaxHitPoints>
	<Flammability>0.1</Flammability>
	<DeteriorationRate>1</DeteriorationRate>
	<SellPriceFactor>0.5</SellPriceFactor>
</statBases>
	<equippedAngleOffset>-65</equippedAngleOffset>
	<stuffCategories>
		<li>Metallic</li>
	</stuffCategories>
    <tools>
      <li>
        <label>handle</label>
        <capacities>
          <li>Blunt</li>
        </capacities>
        <power>5</power>
        <cooldownTime>1.5</cooldownTime>
      </li>
      <li>
        <label>blade</label>
        <capacities>
          <li>Cut</li>
        </capacities>
        <power>8</power>
        <cooldownTime>1.3</cooldownTime>
      </li>
      <li>
        <label>point</label>
        <capacities>
          <li>Stab</li>
        </capacities>
        <power>11</power>
        <cooldownTime>1.1</cooldownTime>
      </li>
    </tools>
	<recipeMaker>
      <skillRequirements>
		  <Crafting>8</Crafting>
      </skillRequirements>
    </recipeMaker>
	<researchPrerequisites>
		<li>CGearTech</li>
	</researchPrerequisites>
	</ThingDef>  
	
		<!-- ====================== Spear ========================= -->
  
<ThingDef ParentName="BaseCGearMeleeWeapon_Sharp_Quality">
    <defName>MeleeWeapon_CGear_Spear</defName>
    <label>TC Spear</label>
    <description>Computerised energy spear with gyro stabaliser and vibrational cutting.</description>
	<techLevel>Spacer</techLevel>
    <graphicData>
      <texPath>Things/Item/Equipment/WeaponMelee/CGear_Spear</texPath>
      <graphicClass>Graphic_Single</graphicClass>
	  <onGroundRandomRotateAngle>35</onGroundRandomRotateAngle>
	  <drawSize>1.1</drawSize>
    </graphicData>
    <weaponTags>
      <li>NonNeolithicOnlyMelee</li>
    </weaponTags>
    <costStuffCount>320</costStuffCount>
	 <costList>
      <ComponentIndustrial>3</ComponentIndustrial>
	  <CGearCtrlChip>1</CGearCtrlChip>
    </costList>
    <statBases>
      <WorkToMake>35000</WorkToMake>
      <Mass>2.5</Mass>
    	<MaxHitPoints>100</MaxHitPoints>
	<Flammability>0.1</Flammability>
	<DeteriorationRate>1</DeteriorationRate>
	<SellPriceFactor>0.5</SellPriceFactor>
</statBases>
    <equippedAngleOffset>-65</equippedAngleOffset>
    <stuffCategories>
      <li>Metallic</li>
    </stuffCategories>
    <tools>
      <li>
        <label>handle</label>
        <capacities>
          <li>Blunt</li>
        </capacities>
        <power>12</power>
        <cooldownTime>2.5</cooldownTime>
      </li>
      <li>
        <label>point</label>
        <capacities>
          <li>Stab</li>
        </capacities>
        <power>27</power>
        <cooldownTime>2.0</cooldownTime>
      </li>
      <li>
        <label>edge</label>
        <capacities>
          <li>Cut</li>
        </capacities>
        <power>23</power>
        <cooldownTime>2.3</cooldownTime>
      </li>
    </tools>
    <recipeMaker>
      <skillRequirements>
		  <Crafting>10</Crafting>
      </skillRequirements>
    </recipeMaker>
			<researchPrerequisites>
			<li>LongBlades</li>
			<li>CGearTech</li>
		</researchPrerequisites>
  </ThingDef>
  
  <!-- Blunt -->
  
  <!-- ================== Mace ============================================= -->
 
    <ThingDef ParentName="BaseCGearMeleeWeapon_Blunt_Quality">
		<defName>MeleeWeapon_CGear_Mace</defName>
		<label>TC Mace</label>
		<description>TC Mace equipped with gyro stabalisers.</description>
		<graphicData>
			<texPath>Things/Item/Equipment/WeaponMelee/CGear_Mace</texPath>
			<graphicClass>Graphic_Single</graphicClass>
			<onGroundRandomRotateAngle>35</onGroundRandomRotateAngle>
			<drawSize>1.1</drawSize>
		</graphicData>
    		<techLevel>Spacer</techLevel>
		<costStuffCount>125</costStuffCount>
		<costList>
      		<ComponentIndustrial>1</ComponentIndustrial>
	  		<CGearCtrlChip>1</CGearCtrlChip>
    		</costList>
		<statBases>
			<WorkToMake>21000</WorkToMake>
			<Mass>1.8</Mass>
			<MaxHitPoints>100</MaxHitPoints>
			<Flammability>0.1</Flammability>
			<DeteriorationRate>1</DeteriorationRate>
			<SellPriceFactor>0.5</SellPriceFactor>
		</statBases>
		<equippedAngleOffset>-65</equippedAngleOffset>
    <recipeMaker>
      <skillRequirements>
        <Crafting>8</Crafting>
      </skillRequirements>
    </recipeMaker>
		<stuffCategories>
			<li>Metallic</li>
		</stuffCategories>
    <weaponTags>
		<li>NonNeolithicOnlyMelee</li>
      	<li>MedievalMeleeDecent</li>
    </weaponTags>
    <tools>
      <li>
        <label>handle</label>
        <capacities>
          <li>Poke</li>
        </capacities>
        <power>11</power>
        <cooldownTime>1.9</cooldownTime>
      </li>
      <li>
        <label>head</label>
        <labelUsedInLogging>false</labelUsedInLogging>
        <capacities>
          <li>Blunt</li>
        </capacities>
        <power>19</power>
        <cooldownTime>1.9</cooldownTime>
      </li>
    </tools>
		<researchPrerequisites>
			<li>CGearTech</li>
		</researchPrerequisites>
	</ThingDef>
  
</Defs>